age,full_name
10/7/1994,Nickolaus Salsberg
26/7/2002,Tobe Espadero
19/4/1994,Siana Bullan
6/11/2003,Dalis Bartolic
27/9/1991,Ansel Palfrey
8/6/1997,Mose Convery
11/7/2001,Forrest Tailby
21/1/2002,Christophorus Rosendale
12/2/1991,Smitty Treeby
22/10/1997,Cristine Macy
13/3/1998,Florrie Petheridge
19/3/2000,Ferdy Dowthwaite
5/2/2001,Chelsey Budgett
25/3/1997,Caressa Hawkwood
20/3/1995,Crin Wimmer
24/5/1995,Amabelle Hall-Gough
29/1/1998,Pippo Grigore
15/3/1990,Haleigh Toulmin
13/2/1998,Melanie Tembridge
29/9/1992,Darcey O' Donohoe
27/10/1994,Norrie Keuneke
22/1/1996,Conni McOwan
20/4/1997,Elaina Westlake
19/11/1992,Ferdinand Breazeall
1/1/1998,Marietta Rosgen
17/3/1996,Kamillah Racine
1/12/2002,Valery Banfield
25/11/1991,Kamillah Ziemen
7/9/1990,Wilow Kytley
17/1/1995,Dee dee Klimczak
14/1/1997,Clevey Rubertis
23/8/2003,Elli Danielli
14/9/1997,Heddie Gately
11/6/2002,Ferdie McLane
4/3/2000,Boothe Sturman
12/11/2002,Joscelin Sterman
26/11/1999,Ara Shone
8/4/2003,Lani Dollard
15/10/1993,Wilhelmine Barkworth
19/3/1991,Jimmy McVitie
12/3/1995,Zahara Ladley
3/12/1993,Stefano Birdseye
19/4/1994,Marquita Zeplin
13/1/1999,Bronny Batkin
1/7/1998,Paton Mottershaw
18/2/1991,Sher MacGinlay
27/8/1997,Willow Moxley
22/1/1992,Bennie Offiler
30/11/1995,Lancelot Giddy
21/5/2001,Hannis Sage
21/4/1996,Biddie Smeaton
7/4/2001,Lambert Stirtle
1/8/1993,Gussi Charlick
3/7/1990,Winny Allaway
1/2/2000,Dario Dmych
31/1/1997,Collie Medina
10/5/1997,Nelli Costi
23/1/1998,Pippo Khilkov
14/9/1999,Concordia Bulfield
21/2/1998,Edie Pevie
13/1/1991,Glenda Potter
25/4/1998,Siana Caron
27/6/1993,Lilyan Fair
3/12/1996,Tresa Clews
18/9/2002,Shalne Hardaker
7/1/2003,Arlin Greasty
13/12/1993,Emelina Wycliffe
12/7/1998,Celene Walwood
22/4/1993,Harlen Binney
7/3/1995,Boote Sargint
30/3/2000,Odelia MacTavish
11/5/1991,Maud Springett
5/3/2000,Bambie Strete
18/9/2000,Benjamen Giovannazzi
20/9/1991,Morgen Hitter
31/10/1997,Elysha Vigneron
25/12/1998,Pam Livick
28/3/1994,Doug Maxwaile
10/11/1995,Mariya Cohani
13/1/2001,Terence Dudderidge
23/2/2002,Lefty Raftery
4/1/1998,Giraud Becker
12/4/2000,Brockie Matfin
28/9/1997,Phillida Rosthorn
7/8/1992,Merla Donaher
28/7/1990,Merill Yurshev
16/2/2002,Bonnibelle Fidge
2/11/1998,Grenville Donneely
7/12/1991,Barbee Vannucci
20/9/1999,Jolene Dunthorn
31/5/1990,Wyatan Plumbley
10/7/1992,Katharina Frodsam
27/10/1994,Matilda Groveham
21/9/1993,Cassy Harriagn
26/1/1995,Merridie Rothery
27/4/1995,Levin Mac Geaney
13/6/2001,Valeda Tothacot
15/10/1997,Lazar Steptoe
15/10/1995,Rafferty Meadley
1/6/1999,Karyl Gonzales
22/7/2001,Elsi Kleinholz
3/12/1995,Marena Noriega
7/3/1994,Timmie Lisett
28/4/1995,Sande Tiron
29/11/1992,Conan Howat
13/9/2003,Aristotle Rabbatts
15/11/1993,Colly Romagosa
12/6/1997,Dun McCaighey
19/9/1992,Paige Szymanek
18/5/1995,Crysta Piet
25/10/2002,Cherry Camamill
11/11/1997,Druci Dundon
12/7/1991,Gilles Cossar
20/3/2002,Karil Conant
19/8/2001,Davon Garratt
25/4/1991,Cassondra Cobbing
29/8/1991,Marlyn Molyneux
17/5/1995,Urbain Matthaus
20/6/2001,Berke Meffen
7/1/2003,Chery Garter
10/10/1996,Channa Doddrell
16/9/1998,Charles Capenor
29/12/1992,Brodie Krzysztofiak
18/7/2001,Kore Couchman
15/11/1998,Shurlock Laydel
25/5/1997,Issy Dericut
29/6/1994,Dale Milnes
21/7/1991,Urbano Steketee
18/8/1998,Aldous Elcombe
19/4/1994,Micki Barbe
25/10/1995,Barri Ary
22/8/1993,Loella Blanque
12/9/1992,Susanne Loudiane
4/10/1991,Lorri Ion
4/3/1994,Theresita Terrett
16/4/1995,Sibylla Vinau
18/5/1994,Tasha Kochl
6/10/1994,Marilin Schimann
22/1/1990,Cora Towll
2/1/1996,Don Kenn
2/8/1999,Edie Meritt
3/6/1999,Rayner Bampforth
8/8/1991,Orin Careswell
23/1/1992,Pavel Lenard
21/7/1993,Alethea Freddi
10/1/2002,Angelico Wiburn
2/8/1996,Andra Lambrook
10/10/2000,Dalila Lyndon
12/5/1996,Humberto Ogilby
30/8/1998,Evan Lukesch
17/8/1997,Kaitlynn Dreghorn
15/9/1998,Griff Comolli
6/4/1992,Eva Ielden
12/1/2002,Immanuel Trodden
3/8/1998,Garek Markwick
24/3/1999,Ingeborg Bridgen
5/7/2000,Kelli Toderi
17/9/1993,Maible Forlonge
17/2/1991,Clive Robertazzi
26/10/1997,Jaime Hobell
11/5/2000,Marna Riddles
20/3/2003,Royal Ivain
6/6/1996,Corabelle Lytell
18/8/1991,Germayne Kynett
26/5/1998,Aviva Tubbs
25/7/1998,Carol-jean Walliker
19/11/1997,Marthe Laurand
8/11/1995,Hersh McCamish
25/8/1997,Skell Dannell
23/4/1996,Dorey Weldrick
14/11/1990,Dulcea Dunnet
27/5/1993,Dayna Chritchlow
20/9/2000,Kelsy Learoyde
7/7/1997,Minny Jakolevitch
7/9/2001,Dorri Steen
26/11/2001,Ranice Carlino
18/9/2003,Roxanna Fumagall
10/4/1998,Nona Gergely
26/12/1996,Crissie Borer
16/10/1993,Harriott Fairfoot
15/4/1992,Antin Rouby
10/10/2001,Denni Kender
7/11/1994,Verina Von Der Empten
18/6/1991,Florrie Champney
5/1/1999,Emmie Folk
6/3/1994,Dionne Worden
21/6/1997,Antony Feeney
21/4/1996,Lyda Larcher
25/10/1992,Brand St. Pierre
14/7/1998,Elbertine Lynnitt
15/12/1991,Shantee Colclough
9/5/1997,Shalna Pearch
13/12/1991,Nancie Aleksashin
15/11/1996,Brittaney Brennon
16/1/2003,Gareth Longo
10/6/2002,Gabrila Goodlett
14/3/1991,Katherina Hannant
30/9/2003,Domenico Cissen
20/4/1990,Easter Haughian
30/5/1991,Konstanze Jennrich
17/6/2001,Darcey Uridge
4/10/1992,Barbe Larmor
10/10/1997,Malchy Smogur
24/9/2002,Shem Elwill
16/4/1998,Carlie Cazereau
13/9/1999,Creigh Vallentine
28/12/2003,Trumann Oxx
18/12/1994,Mahmoud Swanston
7/12/2001,Ozzy Wogan
12/10/2003,Karlik Forryan
3/1/1992,Lana Sellack
4/4/1993,Morley Bruhn
28/7/1999,Roth Pallent
26/5/2002,Anatollo Harvatt
9/2/1992,Jemmie Bielby
23/5/1994,Herbie Shera
29/1/2000,Kent Cuffe
14/9/1993,Oberon Halso
18/4/1998,Sarita Errichi
4/7/1994,Emile Danielski
7/8/1991,Clarie Blakden
27/1/1999,Rudy Jochen
11/8/2003,Niko Gowdie
4/2/1998,Herrick Seven
28/11/2001,Guy Roullier
15/9/1995,Yancy Riccioppo
23/9/2000,Skip Cockin
11/5/2002,Maxi Simko
14/8/2001,Stanleigh Pashen
31/7/2000,Jessalin Felstead
29/10/1996,Gaye Rief
9/11/2003,Pete Guisot
14/11/2000,Vinita Berthomier
20/11/1999,Killian Ximenez
23/4/2002,Jeremy Goadbie
30/4/2000,Beckie Simonelli
8/9/1995,Caterina Jaumet
6/12/1992,Irina Mousby
28/8/1990,Poppy Kaley
3/12/1992,Arlie Maurice
4/8/1996,Heddie Sackett
3/1/2003,Deeann Greenroad
6/9/1994,Bryn Mulrooney
21/12/1990,Symon Jaslem
23/9/1998,Hashim Jermin
15/4/1993,Loren Screaton
5/10/1999,Merline Donovin
27/6/1995,Gianni Farey
25/9/1995,Danila Hannigane
1/8/1991,Kippy Newitt
